time,seconds_elapsed,z,y,x
1765009585514492700,0.14949267578125,0.021685699000954628,0.00045814859913662076,0.021685699000954628
1765009585531456000,0.1664560546875,0.005192350596189499,-0.0032070400193333626,0.007024944759905338
1765009585556900900,0.19190087890625,-0.008857538923621178,0.007788525894284248,-0.011911863461136818
1765009585573865700,0.20886572265625,-0.010690134018659592,0.008399390615522861,-0.010079269297420979
1765009585590827500,0.22582763671875,-0.004581485874950886,0.002290742937475443,0.004581485874950886
1765009585607790800,0.242790771484375,-0.000305432389723137,-0.0019853105768561363,0.014966187067329884
1765009585624754200,0.259754150390625,0.0015271619195118546,-0.007483093533664942,0.01435532234609127
1765009585641717500,0.276717529296875,0.006414080038666725,0.004123337101191282,-0.0015271619195118546
1765009585658680800,0.293680908203125,0.0027488914784044027,0.0102319847792387,-0.007635809946805239
1765009585675644200,0.31064404296875,-0.000305432389723137,0.004123337101191282,-0.003970621153712273
1765009585692607500,0.327607421875,-0.007024944759905338,0.001679878099821508,0.003970621153712273
1765009585709570800,0.34457080078125,-0.010079269297420979,-0.008093958720564842,0.005803215317428112
1765009585726534100,0.3615341796875,-0.008246674202382565,-0.008093958720564842,0.000305432389723137
1765009585743497500,0.37849755859375,-0.0015271619195118546,-0.008093958720564842,-0.006414080038666725
1765009585760460800,0.395460693359375,0.006414080038666725,-0.0001527161948615685,-0.005192350596189499
1765009585777424100,0.412424072265625,0.010079269297420979,-0.0019853105768561363,0.0015271619195118546
1765009585794387500,0.429387451171875,0.008857538923621178,-0.0013744457392022014,0.003359756199643016
1765009585811350800,0.446350830078125,0.003970621153712273,-0.004428769461810589,-0.000305432389723137
1765009585828314000,0.463314208984375,-0.0015271619195118546,-0.0001527161948615685,-0.003359756199643016
1765009585845277400,0.48027734375,-0.004581485874950886,0.0010690133785828948,-0.004581485874950886
1765009585862240800,0.49724072265625,-0.008246674202382565,0.004123337101191282,-0.007024944759905338
1765009585879204000,0.5142041015625,-0.007635809946805239,0.002290742937475443,-0.005803215317428112
1765009585896167400,0.53116748046875,-0.007024944759905338,-0.0001527161948615685,0.0027488914784044027
1765009585913130800,0.548130859375,-0.005803215317428112,0.0010690133785828948,0.01435532234609127
1765009585930094000,0.565093994140625,-0.005803215317428112,-0.0001527161948615685,0.014966187067329884
1765009585947057400,0.582057373046875,-0.007635809946805239,-0.0038179049734026194,0.00946840364485979
1765009585964020700,0.599020751953125,-0.003970621153712273,-0.008093958720564842,0.005803215317428112
1765009585980984000,0.615984130859375,0.004581485874950886,0.00045814859913662076,0.003359756199643016
1765009585997947400,0.632947509765625,0.012522728182375431,0.004123337101191282,-0.0009162971982732415
1765009586014910700,0.64991064453125,0.015577051788568497,0.004734201822429895,-0.007635809946805239
1765009586031874000,0.6668740234375,0.011300998739898205,0.002290742937475443,-0.013744457624852657
1765009586048837400,0.68383740234375,0.000305432389723137,-0.0013744457392022014,-0.016187917441129684
1765009586065800700,0.70080078125,-0.007635809946805239,0.0010690133785828948,-0.013744457624852657
1765009586082764000,0.717763916015625,-0.013744457624852657,0.003512472379952669,-0.003970621153712273
1765009586099727400,0.734727294921875,-0.011911863461136818,0.001679878099821508,0.010690134018659592
1765009586116690700,0.751690673828125,-0.007024944759905338,-0.005039634648710489,0.015577051788568497
1765009586133654000,0.768654052734375,0.0015271619195118546,-0.005650499369949102,0.014966187067329884
1765009586150617300,0.785617431640625,0.013133592903614044,0.001679878099821508,0.005192350596189499
1765009586167580700,0.80258056640625,0.013744457624852657,0.002901607658714056,-0.00946840364485979
1765009586184544000,0.8195439453125,0.006414080038666725,-0.011148282326757908,-0.012522728182375431
1765009586201507300,0.83650732421875,0.003359756199643016,-0.023365577682852745,-0.0015271619195118546
1765009586218470700,0.853470703125,0.003359756199643016,-0.016035201027989388,0.012522728182375431
1765009586235434000,0.87043408203125,0.005803215317428112,-0.0032070400193333626,0.01435532234609127
1765009586252397300,0.887397216796875,0.003970621153712273,0.008399390615522861,0.010079269297420979
1765009586269360600,0.904360595703125,-0.0015271619195118546,0.0102319847792387,0.003359756199643016
1765009586286324000,0.921323974609375,-0.005803215317428112,0.004734201822429895,0.0009162971982732415
1765009586303287300,0.938287353515625,-0.006414080038666725,-0.0007635809597559273,0.003359756199643016
1765009586320250600,0.955250732421875,-0.000305432389723137,-0.008093958720564842,0.005192350596189499
1765009586337214200,0.972214111328125,0.005803215317428112,-0.004428769461810589,0.007635809946805239
1765009586354177500,0.989177490234375,0.008857538923621178,-0.0032070400193333626,0.005192350596189499
1765009586371140600,1.006140625,0.005803215317428112,-0.0032070400193333626,0.0027488914784044027
1765009586388104200,1.023104248046875,0.003359756199643016,-0.0038179049734026194,-0.003359756199643016
1765009586405067500,1.040067626953125,0.0021380267571657896,-0.008704823441803455,-0.004581485874950886
1765009586422030800,1.05703076171875,0.003359756199643016,-0.004428769461810589,0.005192350596189499
1765009586438994200,1.073994140625,0.005803215317428112,0.002901607658714056,0.014966187067329884
1765009586455957500,1.09095751953125,0.003970621153712273,0.002290742937475443,0.014966187067329884
1765009586472920800,1.1079208984375,-0.0015271619195118546,-0.0013744457392022014,0.0009162971982732415
1765009586489884200,1.12488427734375,0.0009162971982732415,0.00045814859913662076,-0.012522728182375431
1765009586506847500,1.141847412109375,0.010079269297420979,0.005345067009329796,-0.01802051067352295
1765009586523810800,1.158810791015625,0.008857538923621178,-0.0001527161948615685,-0.019242240116000175
1765009586540774100,1.175774169921875,0.008246674202382565,-0.005039634648710489,-0.015577051788568497
1765009586557737500,1.192737548828125,0.004581485874950886,-0.0025961752980947495,-0.012522728182375431
1765009586574700800,1.20970068359375,0.005803215317428112,-0.004428769461810589,-0.016798781231045723
1765009586591664000,1.2266640625,0.008857538923621178,0.002290742937475443,-0.028405211865901947
1765009586608627700,1.243627685546875,0.008246674202382565,0.0010690133785828948,-0.035124726593494415
1765009586625591000,1.260591064453125,0.005803215317428112,-0.01359174121171236,-0.035124726593494415
1765009586642554400,1.277554443359375,0.0015271619195118546,-0.017256930470466614,-0.03390299528837204
1765009586659517700,1.294517578125,0.011300998739898205,-0.017256930470466614,-0.0412333719432354
1765009586676481000,1.31148095703125,0.01435532234609127,0.002290742937475443,-0.04734202101826668
1765009586693444400,1.3284443359375,0.004581485874950886,0.010842849500477314,-0.05100720748305321
1765009586710407700,1.34540771484375,-0.019242240116000175,-0.0038179049734026194,-0.05833758786320686
1765009586727371000,1.36237109375,-0.041844237595796585,-0.02153298258781433,-0.07605266571044922
1765009586744334300,1.379334228515625,-0.05589412897825241,-0.017867794260382652,-0.0974329337477684
1765009586761298000,1.3962978515625,-0.05833758786320686,-0.0025961752980947495,-0.12125665694475174
1765009586778261200,1.41326123046875,-0.05528326332569122,-0.0019853105768561363,-0.1432477980852127
1765009586795224600,1.430224609375,-0.04673115536570549,-0.005650499369949102,-0.15241076052188873
1765009586812188000,1.44718798828125,-0.04245510324835777,-0.005039634648710489,-0.1542433500289917
1765009586829151200,1.464151123046875,-0.041844237595796585,-0.02153298258781433,-0.17073670029640198
1765009586846114600,1.481114501953125,-0.04367683082818985,-0.023976443335413933,-0.23426663875579834
1765009586863078100,1.498078125,-0.04917461425065994,0.0010690133785828948,-0.30024003982543945
1765009586880041500,1.51504150390625,-0.05894844979047775,0.013286309316754341,-0.3130682110786438
1765009586897004800,1.5320048828125,-0.08765909820795059,-0.02153298258781433,-0.3020726442337036
1765009586913968000,1.548968017578125,-0.07238747924566269,-0.023518294095993042,-0.2906189262866974
1765009586930931500,1.565931396484375,-0.05955931544303894,-0.004581485874950886,-0.2851211428642273
1765009586947894800,1.582894775390625,-0.048563748598098755,-0.0015271619195118546,-0.29306238889694214
1765009586964858400,1.5998583984375,-0.05833758786320686,0.0204639695584774,-0.3162752389907837
1765009586981821700,1.61682177734375,-0.061391908675432205,0.04978547990322113,-0.3578140437602997
1765009586998785000,1.633784912109375,-0.05833758786320686,0.03451386094093323,-0.39568766951560974
1765009587015748400,1.650748291015625,-0.07605266571044922,0.035124726593494415,-0.4079049527645111
1765009587032711700,1.667711669921875,-0.09010255336761475,0.02779434807598591,-0.3871355652809143
1765009587049675300,1.68467529296875,-0.11331541836261749,-0.003970621153712273,-0.36942046880722046
1765009587066638600,1.701638671875,-0.1230892539024353,-0.02718348242342472,-0.37064221501350403
1765009587083602000,1.718601806640625,-0.10659590363502502,-0.022907428443431854,-0.37552911043167114
1765009587100565200,1.735565185546875,-0.09498947113752365,0.008246674202382565,-0.3993528485298157
1765009587117528800,1.75252880859375,-0.09437860548496246,0.05955931544303894,-0.4433351159095764
1765009587134492200,1.7694921875,-0.06505709886550903,0.07910698652267456,-0.5264127254486084
1765009587151455500,1.78645556640625,-0.05894844979047775,0.09682206809520721,-0.5801688432693481
1765009587168418800,1.803418701171875,-0.10170898586511612,0.1432477980852127,-0.596662163734436
1765009587185382400,1.82038232421875,-0.17073670029640198,0.16523891687393188,-0.6217076182365417
1765009587202345700,1.837345703125,-0.21838416159152985,0.23854269087314606,-0.6620246767997742
1765009587219309000,1.85430908203125,-0.231212317943573,0.25931209325790405,-0.6461422443389893
1765009587236272400,1.8712724609375,-0.1597411334514618,0.19333870708942413,-0.5337430834770203
1765009587253235700,1.888235595703125,-0.01435532234609127,0.10354158282279968,-0.3584249019622803
1765009587270199300,1.90519921875,0.12003492563962936,-0.06261363625526428,-0.24541492760181427
1765009587287162600,1.92216259765625,0.18356487154960632,-0.13225223124027252,-0.16294817626476288
1765009587304126000,1.9391259765625,0.18723005056381226,-0.12980876863002777,-0.10919208079576492
1765009587321089300,1.95608935546875,0.12247838824987411,-0.1182023361325264,-0.09269873052835464
1765009587338052900,1.973052978515625,0.007024944759905338,-0.11698060482740402,-0.07131846249103546
1765009587355016200,1.99001611328125,-0.07483093440532684,-0.08582650125026703,-0.04505127668380737
1765009587371979500,2.0069794921875,-0.07544180005788803,-0.0565049909055233,-0.04016435891389847
1765009587388942800,2.02394287109375,-0.03940077871084213,-0.007635809946805239,-0.06765327602624893
1765009587405906400,2.040906494140625,0.003359756199643016,0.005192350596189499,-0.10063996911048889
1765009587422869800,2.057869873046875,-0.003359756199643016,-0.041844237595796585,-0.09636391699314117
1765009587439833000,2.0748330078125,-0.021685699000954628,-0.08949168771505356,-0.05849030241370201
1765009587456796700,2.091796630859375,-0.022907428443431854,-0.07605266571044922,-0.03588830679655075
1765009587473760000,2.108760009765625,-0.022907428443431854,-0.01740964688360691,0.0007635809597559273
1765009587490723300,2.125723388671875,-0.029016077518463135,0.025961752980947495,0.07712167501449585
1765009587507686700,2.142686767578125,-0.032681263983249664,0.035124726593494415,0.1815795600414276
1765009587524650200,2.159650146484375,-0.029016077518463135,0.05039634555578232,0.35873034596443176
1765009587541613600,2.176613525390625,0.032070402055978775,-0.02107483521103859,0.6861538887023926
1765009587558577000,2.193576904296875,0.15485422313213348,-0.2880227565765381,0.9720385670661926
1765009587575540200,2.210540283203125,0.19150610268115997,-0.22449280321598053,1.021518588066101
1765009587592503800,2.22750390625,0.20189081132411957,-0.11514800786972046,0.9036217331886292
1765009587609467100,2.244467041015625,0.2006690800189972,-0.051618073135614395,0.7625119686126709
1765009587626430500,2.261430419921875,0.1585194170475006,-0.026572618633508682,0.7191405892372131
1765009587643394000,2.27839404296875,0.10659590363502502,-0.04917461425065994,0.7631227970123291
1765009587660357400,2.295357421875,0.09560033679008484,-0.05589412897825241,0.8907935619354248
1765009587677320700,2.31232080078125,0.09498947113752365,-0.0565049909055233,1.1107048988342285
1765009587694284300,2.3292841796875,0.10903936624526978,-0.13164135813713074,1.2658644914627075
1765009587711247600,2.34624755859375,0.1279761642217636,-0.16340632736682892,1.2096649408340454
1765009587728211000,2.3632109375,0.08949168771505356,-0.10476330667734146,0.9518800377845764
1765009587745174500,2.380174560546875,0.05039634555578232,-0.061391908675432205,0.6085740327835083
1765009587762137900,2.397137939453125,0.02718348242342472,-0.022296564653515816,0.3513999581336975
1765009587779101200,2.41410107421875,0.035124726593494415,0.006414080038666725,0.3404043912887573
1765009587796064800,2.431064697265625,0.11575887352228165,-0.06750056147575378,0.5236638188362122
1765009587813028000,2.448028076171875,0.15118902921676636,-0.1591302752494812,0.6922625303268433
1765009587829991400,2.464991455078125,0.10109812021255493,-0.11698060482740402,0.717307984828949
1765009587846954800,2.481954833984375,0.05833758786320686,-0.014966187067329884,0.6403390169143677
1765009587863918300,2.49891845703125,0.021685699000954628,0.0412333719432354,0.5725330114364624
1765009587880881700,2.515881591796875,-0.00946840364485979,0.0772743970155716,0.5535961985588074
1765009587897845200,2.53284521484375,-0.008246674202382565,0.06322450190782547,0.5480984449386597
1765009587914808600,2.54980859375,0.02107483521103859,0.038789913058280945,0.5120574235916138
1765009587931772000,2.56677197265625,0.05528326332569122,0.022296564653515816,0.4692968726158142
1765009587948735200,2.5837353515625,0.06200277432799339,0.04428769648075104,0.4430296719074249
1765009587965698800,2.60069873046875,0.09804379940032959,0.06383536756038666,0.48334676027297974
1765009587982662100,2.617662109375,0.15607595443725586,0.0668896958231926,0.5804742574691772
1765009587999625700,2.634625732421875,0.15729768574237823,0.08277218043804169,0.6928733587265015
1765009588016589000,2.651589111328125,0.129197895526886,-0.003970621153712273,0.7099775671958923
1765009588033552400,2.668552490234375,0.08338304609060287,-0.05283980444073677,0.5920807123184204
1765009588050516000,2.685515869140625,0.054672397673130035,0.0027488914784044027,0.43692103028297424
1765009588067479300,2.702479248046875,0.029626941308379173,0.032681263983249664,0.33979353308677673
1765009588084442600,2.719442626953125,0.011911863461136818,0.17867794632911682,0.4289797842502594
1765009588101406200,2.73640625,0.07544180005788803,0.11514800786972046,0.6171261668205261
1765009588118369500,2.75336962890625,0.129197895526886,-0.015577051788568497,0.7026472091674805
1765009588135332900,2.770332763671875,0.12736530601978302,-0.05833758786320686,0.6073523163795471
1765009588152296400,2.78729638671875,0.07544180005788803,-0.05039634555578232,0.40637779235839844
1765009588169259800,2.804259765625,0.0027488914784044027,-0.03451386094093323,0.20357069373130798
1765009588186223400,2.821223388671875,-0.038789913058280945,-0.047952886670827866,0.07101303339004517
1765009588203186700,2.838186767578125,-0.024740023538470268,-0.08399390429258347,-0.013286309316754341
1765009588220150000,2.85514990234375,0.003970621153712273,-0.0717766135931015,-0.08231402933597565
1765009588237113600,2.872113525390625,-0.0021380267571657896,-0.06811141967773438,-0.14401137828826904
1765009588254077000,2.889076904296875,-0.028405211865901947,-0.06566796451807022,-0.21548254787921906
1765009588271040300,2.906040283203125,-0.06322450190782547,-0.07971785217523575,-0.3168860971927643
1765009588288003800,2.92300390625,-0.0974329337477684,-0.1078176349401474,-0.4604393243789673
1765009588304967200,2.93996728515625,-0.12431098520755768,-0.08582650125026703,-0.6302597522735596
1765009588321930500,2.956930419921875,-0.14630211889743805,-0.035124726593494415,-0.8452841639518738
1765009588338894000,2.97389404296875,-0.19089524447917938,-0.04306596517562866,-1.1519381999969482
1765009588355857400,2.990857421875,-0.20861032605171204,0.007024944759905338,-1.333975911140442
1765009588372821000,3.007821044921875,-0.16035200655460358,0.08277218043804169,-1.2844959497451782
1765009588389784300,3.024784423828125,-0.11209368705749512,0.0925460159778595,-1.0450369119644165
1765009588406747600,3.04174755859375,-0.10476330667734146,0.05528326332569122,-0.8776599764823914
1765009588423711200,3.058711181640625,-0.14508038759231567,0.09376774728298187,-0.9204205274581909
1765009588440674600,3.075674560546875,-0.18723005056381226,0.13652828335762024,-1.004719853401184
1765009588457638100,3.09263818359375,-0.2159406989812851,0.15546508133411407,-0.9998329281806946
1765009588474601500,3.1096015625,-0.20677772164344788,0.16829325258731842,-0.8684970140457153
1765009588491565000,3.12656494140625,-0.15057817101478577,0.14263692498207092,-0.7334958910942078
1765009588508528400,3.1435283203125,-0.09132428467273712,0.0766635313630104,-0.5929969549179077
1765009588525491700,3.16049169921875,-0.011911863461136818,0.021685699000954628,-0.514195442199707
1765009588542455300,3.177455322265625,0.06627883017063141,0.038789913058280945,-0.5429060459136963
1765009588559418600,3.194418701171875,0.07910698652267456,0.05039634555578232,-0.6498073935508728
1765009588576382200,3.21138232421875,0.03940077871084213,0.04001164436340332,-0.7921388745307922
1765009588593345500,3.228345458984375,0.023518294095993042,0.06261363625526428,-0.9216422438621521
1765009588610308900,3.245308837890625,-0.016798781231045723,0.18845178186893463,-1.0254892110824585
1765009588627272400,3.2622724609375,-0.0870482325553894,0.24526220560073853,-1.0859649181365967
1765009588644235800,3.27923583984375,-0.10476330667734146,0.2507599890232086,-1.0719150304794312
1765009588661199400,3.296199462890625,-0.0772743970155716,0.15485422313213348,-0.97600919008255
1765009588678162700,3.31316259765625,-0.012522728182375431,-0.06627883017063141,-0.8672752976417542
1765009588695126300,3.330126220703125,0.10354158282279968,-0.23793183267116547,-0.8110756874084473
1765009588712089600,3.347089599609375,0.28924447298049927,-0.20372340083122253,-0.7738129496574402
1765009588729053000,3.364052978515625,0.3845393657684326,-0.11331541836261749,-0.6937896609306335
1765009588746016500,3.3810166015625,0.3197877109050751,-0.11575887352228165,-0.569173276424408
1765009588762979800,3.397979736328125,0.1847866028547287,-0.14080433547496796,-0.43233954906463623
1765009588779943400,3.414943359375,0.06444623321294785,-0.12614357471466064,-0.3675878942012787
1765009588796906800,3.43190673828125,-0.004581485874950886,-0.09315688163042068,-0.40485063195228577
1765009588813870300,3.448870361328125,-0.029016077518463135,-0.08399390429258347,-0.453719824552536
1765009588830833700,3.465833740234375,0.008857538923621178,-0.09132428467273712,-0.47693267464637756
1765009588847797200,3.48279736328125,0.038789913058280945,-0.03940077871084213,-0.4555523991584778
1765009588864760600,3.499760498046875,0.005803215317428112,-0.005192350596189499,-0.41645705699920654
1765009588881724200,3.51672412109375,-0.06383536756038666,0.02107483521103859,-0.43600472807884216
1765009588898687500,3.5336875,-0.12675444781780243,0.022296564653515816,-0.45310893654823303
1765009588915651000,3.550651123046875,-0.16157373785972595,-0.022907428443431854,-0.4427242577075958
1765009588932614400,3.567614501953125,-0.20616686344146729,0.0204639695584774,-0.36025750637054443
1765009588949577700,3.58457763671875,-0.2306014597415924,0.07360920310020447,-0.1928805559873581
1765009588966541300,3.601541259765625,-0.19394956529140472,0.05955931544303894,0.004428769461810589
1765009588983504600,3.618504638671875,-0.13225223124027252,0.013744457624852657,0.14859285950660706
1765009589000468200,3.63546826171875,-0.07544180005788803,-0.0015271619195118546,0.24633121490478516
1765009589017431600,3.652431640625,-0.05039634555578232,-0.05589412897825241,0.35445427894592285
1765009589034395100,3.66939501953125,-0.057726722210645676,-0.10720676928758621,0.448527455329895
1765009589051358500,3.6863583984375,-0.08155044913291931,-0.08643736690282822,0.5108356475830078
1765009589068322000,3.703322021484375,-0.08582650125026703,-0.011911863461136818,0.5261073112487793
1765009589085285400,3.720285400390625,-0.07605266571044922,0.028405211865901947,0.5291616320610046
1765009589102249000,3.7372490234375,-0.05100720748305321,0.012522728182375431,0.48701193928718567
1765009589119212300,3.75421240234375,-0.0308486707508564,0.01740964688360691,0.44608399271965027
1765009589136175900,3.77117578125,-0.008246674202382565,0.04673115536570549,0.44791659712791443
1765009589153139200,3.78813916015625,0.051618073135614395,0.07299833744764328,0.5138899683952332
1765009589170102800,3.805102783203125,0.129197895526886,0.07422006875276566,0.6372846961021423
1765009589187066000,3.822066162109375,0.2000582218170166,0.016187917441129684,0.7747292518615723
1765009589204029700,3.83902978515625,0.2513708472251892,-0.08399390429258347,0.9176716208457947
1765009589220993000,3.855992919921875,0.2770271897315979,-0.12614357471466064,0.9585995674133301
1765009589237956600,3.87295654296875,0.27580544352531433,-0.07055488228797913,0.9042325615882874
1765009589254920000,3.889919921875,0.25809037685394287,-0.05589412897825241,0.8663589954376221
1765009589271883500,3.906883544921875,0.23426663875579834,-0.02779434807598591,0.9231693744659424
1765009589288846800,3.923846923828125,0.28985533118247986,-0.01740964688360691,1.0948224067687988
1765009589305810200,3.94081005859375,0.35705047845840454,-0.06017018109560013,1.2933534383773804
1765009589322773800,3.957773681640625,0.3686569035053253,-0.09560033679008484,1.3874266147613525
1765009589339737300,3.9747373046875,0.34116798639297485,-0.04428769648075104,1.3477203845977783
1765009589356700700,3.99170068359375,0.20677772164344788,-0.019853105768561363,1.1589632034301758
1765009589373664300,4.008664306640625,0.04978547990322113,0.051618073135614395,0.9500474333763123
1765009589390627600,4.025627685546875,0.021685699000954628,0.019242240116000175,0.8859066367149353
1765009589407591200,4.042591064453125,0.0766635313630104,-0.012522728182375431,0.9677625298500061
1765009589424554500,4.059554443359375,0.13164135813713074,-0.09193515032529831,1.0691660642623901
1765009589441518000,4.07651806640625,0.1744018942117691,-0.17134757339954376,1.0398445129394531
1765009589458481400,4.0934814453125,0.19700388610363007,-0.11209368705749512,0.8834632039070129
1765009589475445000,4.110445068359375,0.15302163362503052,-0.04917461425065994,0.7179188132286072
1765009589492408300,4.127408203125,0.09865466505289078,-0.011911863461136818,0.6568323373794556
1765009589509372000,4.144371826171875,0.09804379940032959,-0.05955931544303894,0.7111993432044983
1765009589526335200,4.161335205078125,0.10842850059270859,-0.09315688163042068,0.7869465351104736
1765009589543298800,4.178298828125,0.1279761642217636,-0.10965022444725037,0.8602503538131714
1765009589560262100,4.19526220703125,0.20433427393436432,-0.14813470840454102,0.9188933372497559
1765009589577225700,4.212225830078125,0.27030766010284424,-0.09315688163042068,0.9359975457191467
1765009589594189000,4.22918896484375,0.31184646487236023,-0.07910698652267456,0.9433279633522034
1765009589611152600,4.246152587890625,0.324063777923584,-0.12675444781780243,0.9378301501274109
1765009589628116000,4.263115966796875,0.2868010103702545,-0.11453714966773987,0.8743002414703369
1765009589645079600,4.28007958984375,0.20616686344146729,-0.06261363625526428,0.7643445730209351
1765009589662043000,4.29704296875,0.12003492563962936,-0.05711585655808449,0.6641627550125122
1765009589679006500,4.31400634765625,0.018631376326084137,-0.05222893878817558,0.6079631447792053
1765009589695970000,4.330969970703125,-0.09621120244264603,-0.07238747924566269,0.6207913160324097
1765009589712933400,4.347933349609375,-0.1737910360097885,-0.14630211889743805,0.697760283946991
1765009589729897000,4.36489697265625,-0.1805105358362198,-0.1744018942117691,0.819322407245636
1765009589746860300,4.3818603515625,-0.1591302752494812,-0.1438586562871933,0.911562979221344
1765009589763823900,4.398823974609375,-0.09376774728298187,-0.1597411334514618,0.8700241446495056
1765009589780787200,4.415787109375,-0.04978547990322113,-0.12247838824987411,0.6556106209754944
1765009589797750800,4.432750732421875,-0.06566796451807022,-0.07544180005788803,0.33918267488479614
1765009589814714000,4.449714111328125,-0.08949168771505356,0.028405211865901947,0.009926552884280682
1765009589831677700,4.466677734375,-0.10048725455999374,0.07055488228797913,-0.2490801066160202
1765009589848641000,4.48364111328125,-0.09621120244264603,0.03634645417332649,-0.4079049527645111
1765009589865604600,4.5006044921875,-0.13164135813713074,0.02107483521103859,-0.5300779342651367
1765009589882568000,4.51756787109375,-0.17806708812713623,-0.003970621153712273,-0.6870701313018799
1765009589899531500,4.534531494140625,-0.18234314024448395,-0.004581485874950886,-0.8520036339759827
1765009589916495000,4.5514951171875,-0.13958260416984558,0.0009162971982732415,-0.9491311311721802
1765009589933458400,4.56845849609375,-0.09193515032529831,0.1701258420944214,-0.947909414768219
1765009589950422000,4.585422119140625,0.000305432389723137,0.0821613147854805,-0.8098539710044861
1765009589967385300,4.60238525390625,0.0766635313630104,-0.038789913058280945,-0.6382009983062744
1765009589984349000,4.619348876953125,0.1127045527100563,-0.07360920310020447,-0.5820014476776123
1765009590001312300,4.636312255859375,0.08338304609060287,-0.09010255336761475,-0.8061888217926025
1765009590018275800,4.65327587890625,-0.04306596517562866,-0.048563748598098755,-1.274111270904541
1765009590035239400,4.670239501953125,-0.1536324918270111,0.10720676928758621,-1.7799072265625
1765009590052202800,4.68720263671875,-0.19211697578430176,0.2678641974925995,-2.11466121673584
1765009590069166300,4.704166259765625,-0.23243404924869537,0.30634868144989014,-2.0242531299591064
1765009590086129700,4.721129638671875,-0.19333870708942413,0.31551164388656616,-1.5337287187576294
1765009590103093200,4.73809326171875,-0.10720676928758621,0.23548837006092072,-0.9644027948379517
1765009590120056600,4.755056640625,-0.09682206809520721,0.04245510324835777,-0.5484038591384888
1765009590137020200,4.772020263671875,-0.1695149689912796,-0.1230892539024353,-0.258853942155838
1765009590153983500,4.7889833984375,-0.2360992431640625,-0.20677772164344788,-0.20693044364452362
1765009590170947000,4.805947021484375,-0.22876885533332825,-0.22266021370887756,-0.47754353284835815
1765009590187910400,4.822910400390625,-0.15729768574237823,0.06872228533029556,-0.6962331533432007
1765009590204874000,4.8398740234375,-0.018631376326084137,0.34055712819099426,-0.7383828163146973
1765009590221837600,4.856837646484375,0.09376774728298187,0.37843072414398193,-0.5557342171669006
1765009590238801000,4.87380078125,0.10842850059270859,0.2519817352294922,-0.2893971800804138
1765009590255764500,4.890764404296875,0.09560033679008484,0.18661919236183167,-0.0951421856880188
1765009590272727800,4.907727783203125,0.10537417232990265,0.14996729791164398,-0.07681624591350555
1765009590289691400,4.92469140625,0.07055488228797913,0.09376774728298187,-0.18066325783729553
1765009590306654700,4.94165478515625,-0.007024944759905338,0.016798781231045723,-0.2906189262866974
1765009590323618300,4.958618408203125,-0.06627883017063141,-0.03817904740571976,-0.34498587250709534
1765009590340581600,4.97558154296875,-0.07299833744764328,-0.07605266571044922,-0.3260490894317627
1765009590357545200,4.992545166015625,-0.026572618633508682,-0.1285870373249054,-0.3199404180049896
1765009590374508800,5.0095087890625,-0.022907428443431854,-0.1389717310667038,-0.3987419903278351
1765009590391472000,5.02647216796875,-0.1340848207473755,-0.1853974610567093,-0.42195484042167664
1765009590408435700,5.043435791015625,-0.1737910360097885,-0.15057817101478577,-0.3681987524032593
1765009590425399000,5.06039892578125,-0.09376774728298187,-0.006414080038666725,-0.2802342176437378
1765009590442362600,5.077362548828125,0.01740964688360691,0.0974329337477684,-0.18066325783729553
1765009590459326000,5.094325927734375,0.09926552325487137,0.12370011955499649,-0.11346813291311264
1765009590476289500,5.11128955078125,0.15302163362503052,0.13103049993515015,-0.054214250296354294
1765009590493253000,5.128253173828125,0.1444695144891739,0.16768237948417664,-0.004123337101191282
1765009590510216400,5.145216552734375,0.10659590363502502,0.12736530601978302,0.011148282326757908
1765009590527180000,5.162179931640625,0.0668896958231926,0.07299833744764328,0.03558287397027016
1765009590544143400,5.179143310546875,0.013133592903614044,0.0461202897131443,0.09544762223958969
1765009590561107000,5.19610693359375,-0.008246674202382565,0.0204639695584774,0.18952079117298126
1765009590578070300,5.2130703125,0.019853105768561363,-0.02779434807598591,0.3410152494907379
1765009590595033900,5.230033935546875,0.05100720748305321,-0.061391908675432205,0.4747946560382843
1765009590611997400,5.24699755859375,0.057726722210645676,-0.03023780696094036,0.502894401550293
1765009590628960800,5.263960693359375,0.041844237595796585,0.0009162971982732415,0.42164942622184753
1765009590645924400,5.28092431640625,0.000305432389723137,0.011911863461136818,0.2328922003507614
1765009590662888000,5.297887939453125,-0.05222893878817558,0.03023780696094036,0.008093958720564842
1765009590679851300,5.314851318359375,-0.06261363625526428,0.03451386094093323,-0.15012001991271973
1765009590696814800,5.33181494140625,-0.028405211865901947,0.03756818547844887,-0.19654574990272522
1765009590713778200,5.348778076171875,0.022296564653515816,0.04245510324835777,-0.1207985132932663
1765009590730741800,5.36574169921875,0.04550942778587341,0.028405211865901947,0.023976443335413933
1765009590747705000,5.382705078125,0.019853105768561363,0.0027488914784044027,0.14920371770858765
1765009590764668700,5.399668701171875,-0.021685699000954628,0.003970621153712273,0.19685117900371552
1765009590781632300,5.41663232421875,-0.0821613147854805,0.04428769648075104,0.18646647036075592
1765009590798595600,5.433595703125,-0.1334739476442337,0.04428769648075104,0.18585561215877533
1765009590815559200,5.45055908203125,-0.16646064817905426,0.05039634555578232,0.2390008419752121
1765009590832522800,5.467522705078125,-0.17684535682201385,0.048563748598098755,0.3776671588420868
1765009590849486000,5.484486083984375,-0.15607595443725586,0.04001164436340332,0.6091849207878113
1765009590866449700,5.50144970703125,-0.10048725455999374,-0.0021380267571657896,0.9060651659965515
1765009590883413000,5.5184130859375,-0.025961752980947495,-0.02107483521103859,1.1748456954956055
1765009590900376600,5.53537646484375,0.04917461425065994,-0.032070402055978775,1.3458877801895142
1765009590917340200,5.552340087890625,0.09193515032529831,-0.013744457624852657,1.3862049579620361
1765009590934303500,5.569303466796875,0.06566796451807022,0.07116574794054031,1.3281728029251099
1765009590951267000,5.58626708984375,0.03023780696094036,0.003359756199643016,1.2017236948013306
1765009590968230400,5.60323046875,0.03329212963581085,-0.09804379940032959,1.0178533792495728
1765009590985194000,5.620194091796875,0.025961752980947495,-0.10903936624526978,0.8174898028373718
1765009591002157600,5.637157470703125,0.01435532234609127,-0.03817904740571976,0.6391173005104065
1765009591019121000,5.654120849609375,0.016187917441129684,0.029626941308379173,0.49861836433410645
1765009591036084500,5.67108447265625,0.032681263983249664,0.10048725455999374,0.38560840487480164
1765009591053047800,5.6880478515625,0.03451386094093323,0.1444695144891739,0.3098611533641815
1765009591070011400,5.705011474609375,0.0027488914784044027,0.15790854394435883,0.2750418782234192
1765009591086975000,5.72197509765625,-0.03695731982588768,0.17134757339954376,0.3092502951622009
1765009591103938300,5.738938232421875,-0.06627883017063141,0.05894844979047775,0.43020153045654297
1765009591120902000,5.75590185546875,-0.0821613147854805,-0.06322450190782547,0.5841394662857056
1765009591137865500,5.772865478515625,-0.08643736690282822,-0.05589412897825241,0.6995928883552551
1765009591154828800,5.789828857421875,-0.07605266571044922,-0.06505709886550903,0.7380773425102234
1765009591171792400,5.80679248046875,-0.04062250629067421,-0.02107483521103859,0.7197514176368713
1765009591188755700,5.823755615234375,0.0021380267571657896,0.0308486707508564,0.6769908666610718
1765009591205719300,5.84071923828125,0.010079269297420979,0.04245510324835777,0.6189587116241455
1765009591222683000,5.857682861328125,0.011300998739898205,0.08949168771505356,0.5664243698120117
1765009591239646200,5.874646240234375,0.007024944759905338,0.01802051067352295,0.541989803314209
1765009591256609800,5.89160986328125,0.007024944759905338,-0.08277218043804169,0.5138899683952332
1765009591273573400,5.908573486328125,-0.0015271619195118546,-0.13958260416984558,0.4650208055973053
1765009591290536700,5.92553662109375,-0.010079269297420979,-0.10231985151767731,0.40149086713790894
1765009591307500300,5.942500244140625,0.005192350596189499,-0.04673115536570549,0.3263545036315918
1765009591324463600,5.959463623046875,0.010690134018659592,0.07422006875276566,0.27137666940689087
1765009591341427200,5.97642724609375,0.01740964688360691,0.09010255336761475,0.24694208800792694
1765009591358390800,5.993390869140625,0.03634645417332649,0.051618073135614395,0.22495095431804657
1765009591375354000,6.01035400390625,0.047952886670827866,0.06261363625526428,0.21029019355773926
1765009591392317700,6.027317626953125,0.0565049909055233,0.013133592903614044,0.1870773434638977
1765009591409281300,6.04428125,0.06933315098285675,-0.029016077518463135,0.141262486577034
1765009591426244600,6.06124462890625,0.0772743970155716,-0.05955931544303894,0.049632761627435684
1765009591443208200,6.078208251953125,0.0565049909055233,-0.035735588520765305,-0.06704241037368774
1765009591460171800,6.095171875,0.032681263983249664,-0.016798781231045723,-0.17333288490772247
1765009591477135000,6.112135009765625,0.003970621153712273,-0.019242240116000175,-0.2600756883621216
1765009591494098700,6.1290986328125,-0.03145953640341759,0.019242240116000175,-0.31444263458251953
1765009591511062000,6.14606201171875,-0.029626941308379173,0.03695731982588768,-0.33765551447868347
1765009591528025600,6.163025634765625,0.005192350596189499,0.03756818547844887,-0.36025750637054443
1765009591544989200,6.1799892578125,0.023518294095993042,0.010079269297420979,-0.43233954906463623
1765009591561952500,6.196952392578125,0.01740964688360691,-0.048563748598098755,-0.607046902179718
1765009591578916000,6.213916015625,0.0015271619195118546,-0.060781046748161316,-0.874605655670166
1765009591595879700,6.230879638671875,0.008857538923621178,0.013744457624852657,-1.1702642440795898
1765009591612843000,6.247843017578125,0.035124726593494415,0.08338304609060287,-1.457370638847351
1765009591629806600,6.264806640625,0.06200277432799339,0.15179990231990814,-1.6473495960235596
1765009591646770200,6.281770263671875,0.08277218043804169,0.14813470840454102,-1.70721435546875
1765009591663733500,6.2987333984375,0.08032871782779694,0.09926552325487137,-1.6840014457702637
1765009591680697000,6.315697021484375,0.05711585655808449,0.04245510324835777,-1.560606837272644
1765009591697660700,6.33266064453125,0.05283980444073677,-0.01740964688360691,-1.3290890455245972
1765009591714624000,6.3496240234375,0.09071341902017593,-0.060781046748161316,-1.0285435914993286
1765009591731587600,6.366587646484375,0.13164135813713074,-0.04734202101826668,-0.7163916826248169
1765009591748551000,6.383551025390625,0.1536324918270111,-0.012522728182375431,-0.4298960864543915
1765009591765514500,6.400514404296875,0.14508038759231567,-0.0021380267571657896,-0.21670427918434143
1765009591782478000,6.41747802734375,0.10965022444725037,-0.0021380267571657896,-0.14828743040561676
1765009591799441400,6.43444140625,0.05894844979047775,-0.013744457624852657,-0.2185368686914444
1765009591816405000,6.451405029296875,0.010079269297420979,0.004581485874950886,-0.3150535225868225
1765009591833368600,6.46836865234375,-0.025350889191031456,0.011300998739898205,-0.3523162603378296
1765009591850332000,6.485331787109375,-0.028405211865901947,0.01740964688360691,-0.31871870160102844
1765009591867295500,6.50229541015625,-0.019853105768561363,0.006414080038666725,-0.2838993966579437
1765009591884258800,6.5192587890625,-0.012522728182375431,0.022907428443431854,-0.2631300091743469
1765009591901222400,6.536222412109375,-0.00946840364485979,0.044898562133312225,-0.2393062710762024
1765009591918186000,6.55318603515625,0.0009162971982732415,0.06994401663541794,-0.2087630331516266
1765009591935149300,6.5701494140625,0.014966187067329884,0.07483093440532684,-0.1818849891424179
1765009591952113000,6.58711279296875,0.005192350596189499,0.08521563559770584,-0.15561780333518982
1765009591969076500,6.604076416015625,-0.013744457624852657,0.07483093440532684,-0.11957678198814392
1765009591986039800,6.621039794921875,-0.03756818547844887,0.06444623321294785,-0.10430516302585602
1765009592003003400,6.63800341796875,-0.05100720748305321,0.032070402055978775,-0.10308343172073364
1765009592019967000,6.654967041015625,-0.05100720748305321,0.014966187067329884,-0.07620538026094437
1765009592036930300,6.671930419921875,-0.028405211865901947,0.018631376326084137,-0.031612250953912735
1765009592053894000,6.688893798828125,0.032070402055978775,0.03634645417332649,-0.001679878099821508
1765009592070857500,6.705857421875,0.08093958348035812,0.06017018109560013,0.009926552884280682
1765009592087820800,6.72282080078125,0.07849612087011337,0.054672397673130035,-0.009621120058000088
1765009592104784400,6.739784423828125,0.04062250629067421,0.04245510324835777,-0.05482511222362518
1765009592121747700,6.756747802734375,0.000305432389723137,0.0461202897131443,-0.10308343172073364
1765009592138711300,6.773711181640625,-0.013133592903614044,0.06994401663541794,-0.11407899856567383
1765009592155675000,6.7906748046875,-0.013744457624852657,0.10476330667734146,-0.0847574844956398
1765009592172638200,6.80763818359375,-0.0021380267571657896,0.1078176349401474,-0.046883873641490936
1765009592189601800,6.824601806640625,0.04917461425065994,0.14691297709941864,-0.04199695214629173
1765009592206565000,6.841565185546875,0.15668681263923645,0.25870123505592346,-0.08414662629365921
1765009592223528700,6.85852880859375,0.2049451321363449,0.38820457458496094,-0.10735948383808136
1765009592240492300,6.8754921875,0.08888082206249237,0.4309650957584381,-0.06520981341600418
1765009592257455600,6.89245556640625,-0.05406153202056885,0.3497200906276703,-0.011453714221715927
1765009592274419200,6.909419189453125,-0.10598503798246384,0.2367101013660431,-0.02000582218170166
1765009592291382800,6.9263828125,-0.05100720748305321,0.33689191937446594,-0.10369429737329483
1765009592308346000,6.94334619140625,0.06750056147575378,0.664926290512085,-0.2075413018465042
1765009592325309700,6.960309814453125,0.1744018942117691,1.0638209581375122,-0.29367324709892273
1765009592342273300,6.977273193359375,0.22693626582622528,1.4456114768981934,-0.3468184769153595
1765009592359236600,6.994236572265625,0.1847866028547287,1.6307035684585571,-0.3315468728542328
1765009592376200200,7.0112001953125,0.08460476994514465,1.5415172576904297,-0.2441931962966919
1765009592393163500,7.02816357421875,-0.04306596517562866,1.278234601020813,-0.14462223649024963
1765009592410127000,7.045127197265625,-0.16768237948417664,0.8274163603782654,-0.10797034949064255
1765009592427090700,7.062090576171875,-0.18356487154960632,0.2611446976661682,-0.18371757864952087
1765009592444054000,7.079053955078125,-0.019853105768561363,-0.4175260663032532,-0.31444263458251953
1765009592461017600,7.096017578125,0.23548837006092072,-0.6166679859161377,-0.39507678151130676
1765009592477981200,7.112981201171875,0.37720900774002075,-0.4266890585422516,-0.33399030566215515
1765009592494944500,7.129944580078125,0.40347617864608765,-0.3069595396518707,-0.1727220118045807
1765009592511908000,7.146908203125,0.40836310386657715,-0.21655155718326569,-0.04505127668380737
1765009592528871400,7.163871337890625,0.3851502537727356,-0.15729768574237823,0.007483093533664942
1765009592545835000,7.1808349609375,0.314289927482605,-0.3857611119747162,0.0025961752980947495
1765009592562798600,7.197798583984375,0.19333870708942413,-0.6826413869857788,-0.11102467030286789
1765009592579762000,7.214761962890625,0.016798781231045723,-0.6667588949203491,-0.3724747896194458
1765009592596725500,7.2317255859375,-0.12064579129219055,-0.5653553605079651,-0.6540834903717041
1765009592613689000,7.248689208984375,-0.13713914155960083,-0.42974337935447693,-0.763428270816803
1765009592630652400,7.26565234375,-0.1127045527100563,-0.3686569035053253,-0.6186532974243164
1765009592647616000,7.282615966796875,-0.08765909820795059,-0.3955349326133728,-0.28267768025398254
1765009592664579300,7.299579345703125,-0.04917461425065994,-0.35766133666038513,0.08017600327730179
1765009592681543000,7.31654296875,-0.005803215317428112,-0.25320345163345337,0.3428478538990021
1765009592698506500,7.333506591796875,0.05222893878817558,-0.10598503798246384,0.4851793646812439
1765009592715469800,7.3504697265625,0.10720676928758621,-0.08338304609060287,0.49373146891593933
1765009592732433400,7.367433349609375,0.09865466505289078,-0.11759147047996521,0.3269653618335724
1765009592749396700,7.384396728515625,0.0565049909055233,-0.12980876863002777,0.0154243353754282
1765009592766360300,7.4013603515625,-0.014966187067329884,-0.08460476994514465,-0.2545779049396515
1765009592783324000,7.418323974609375,-0.041844237595796585,0.03451386094093323,-0.36453354358673096
1765009592800287200,7.435287353515625,-0.03817904740571976,0.16096286475658417,-0.30283620953559875
1765009592817250800,7.452250732421875,-0.0204639695584774,0.12675444781780243,-0.11591159552335739
1765009592834214400,7.46921435546875,0.057726722210645676,0.0027488914784044027,0.033139415085315704
1765009592851177700,7.486177734375,0.10048725455999374,-0.06444623321294785,0.08323032408952713
1765009592868141300,7.503141357421875,0.05589412897825241,-0.026572618633508682,0.1156061589717865
1765009592885105000,7.52010498046875,-0.003359756199643016,-0.015577051788568497,0.17424917221069336
1765009592902068200,7.537068115234375,-0.035735588520765305,-0.13164135813713074,0.24327689409255981
1765009592919031800,7.55403173828125,0.01802051067352295,-0.1750127524137497,0.24572035670280457
1765009592935995100,7.5709951171875,0.14691297709941864,-0.04673115536570549,0.1718057245016098
1765009592952958700,7.587958740234375,0.2770271897315979,0.03023780696094036,0.012370011769235134
1765009592969922300,7.60492236328125,0.34116798639297485,0.06322450190782547,-0.1928805559873581
1765009592986885600,7.6218857421875,0.22754712402820587,-0.011911863461136818,-0.3211621642112732
1765009593003849200,7.63884912109375,0.007635809946805239,-0.1853974610567093,-0.3119991719722748
1765009593020812500,7.6558125,-0.22266021370887756,-0.32528549432754517,-0.15012001991271973
1765009593037776100,7.672776123046875,-0.3222311735153198,-0.3491092324256897,0.09361502528190613
1765009593054739700,7.68973974609375,-0.23915356397628784,-0.2617555558681488,0.2848156988620758
1765009593071703000,7.706703125,-0.023518294095993042,-0.1737910360097885,0.27137666940689087
1765009593088666600,7.72366650390625,0.1536324918270111,0.012522728182375431,0.03191768378019333
1765009593105630200,7.740630126953125,0.1737910360097885,0.17745621502399445,-0.25579962134361267
1765009593122593500,7.757593505859375,0.13225223124027252,0.2733619809150696,-0.4189005196094513
1765009593139557000,7.77455712890625,0.057726722210645676,0.16279546916484833,-0.3730856776237488
1765009593156520400,7.7915205078125,-0.06200277432799339,-0.17806708812713623,-0.1207985132932663
1765009593173484000,7.808484130859375,-0.20677772164344788,-0.49571678042411804,0.24694208800792694
1765009593190447600,7.825447509765625,-0.2629773020744324,-0.601396381855011,0.531605064868927
1765009593207411000,7.842410888671875,-0.10659590363502502,-0.5134318470954895,0.5633700489997864
1765009593224374500,7.85937451171875,0.23304490745067596,-0.1279761642217636,0.23533566296100616
1765009593241338000,7.876338134765625,0.562911868095398,0.6221657991409302,-0.31932955980300903
1765009593258301400,7.893301513671875,0.6881392002105713,0.971580445766449,-0.6754637360572815
1765009593275265000,7.91026513671875,0.5659661889076233,0.6484329700469971,-0.6039925217628479
1765009593292228400,7.927228271484375,0.2525925934314728,0.12247838824987411,-0.16905683279037476
1765009593309192000,7.94419189453125,-0.17806708812713623,-0.4425715208053589,0.3935496211051941
1765009593326155500,7.961155517578125,-0.40225446224212646,-0.7596103549003601,0.7344121932983398
1765009593343118800,7.978118896484375,-0.27397283911705017,-0.5097666382789612,0.6739365458488464
1765009593360082400,7.99508251953125,0.09071341902017593,-0.06811141967773438,0.22128576040267944
1765009593377046000,8.0120458984375,0.4101957082748413,0.6160571575164795,-0.3779725730419159
1765009593394009300,8.02900927734375,0.5714640021324158,0.8713986277580261,-0.7334958910942078
1765009593410973000,8.045972900390625,0.527481734752655,0.6209440231323242,-0.671187698841095
1765009593427936500,8.0629365234375,0.28557929396629333,0.24770566821098328,-0.2796233594417572
1765009593444899800,8.07989990234375,-0.06750056147575378,-0.16707152128219604,0.22067490220069885
1765009593461863400,8.096863525390624,-0.3448331654071808,-0.49510589241981506,0.6000219583511353
1765009593478826800,8.11382666015625,-0.406530499458313,-0.5134318470954895,0.7399099469184875
1765009593495790300,8.130790283203124,-0.2660316228866577,-0.42424559593200684,0.6751583218574524
1765009593512754000,8.14775390625,-0.03023780696094036,-0.24953825771808624,0.47357290983200073
1765009593529717200,8.16471728515625,0.19333870708942413,0.008246674202382565,0.17608177661895752
1765009593546680800,8.181680908203125,0.3094030022621155,0.17134757339954376,-0.17088942229747772
1765009593563644400,8.19864453125,0.25442516803741455,0.18112140893936157,-0.45738500356674194
1765009593580607700,8.215607666015625,0.08277218043804169,0.07788526266813278,-0.5581777095794678
1765009593597571300,8.2325712890625,-0.09926552325487137,-0.13103049993515015,-0.4494437575340271
1765009593614534700,8.24953466796875,-0.2415970265865326,-0.2971857190132141,-0.20998476445674896
1765009593631498200,8.266498291015624,-0.32039856910705566,-0.30634868144989014,0.04474584385752678
1765009593648461800,8.2834619140625,-0.28069236874580383,-0.21471896767616272,0.20906847715377808
1765009593665425400,8.30042529296875,-0.1536324918270111,-0.08460476994514465,0.26160284876823425
1765009593682388700,8.317388671875,-0.04428769648075104,-0.016798781231045723,0.2603811025619507
1765009593699352300,8.334352294921874,-0.02718348242342472,0.047952886670827866,0.2182314395904541
1765009593716315600,8.351315673828125,-0.013744457624852657,0.0821613147854805,0.06062832847237587
1765009593733279200,8.368279296875,0.03940077871084213,-0.14141519367694855,-0.22586725652217865
1765009593750242800,8.385242919921875,0.008246674202382565,-0.25442516803741455,-0.5233584046363831
1765009593767206100,8.4022060546875,-0.060781046748161316,-0.11209368705749512,-0.6058251261711121
1765009593784169700,8.419169677734375,-0.06750056147575378,-0.018631376326084137,-0.38957902789115906
1765009593801133300,8.43613330078125,-0.0717766135931015,-0.22999058663845062,0.014813470654189587
1765009593818096600,8.4530966796875,-0.032681263983249664,-0.6606502532958984,0.3104720115661621
1765009593835060200,8.470060302734375,0.17684535682201385,-1.1615593433380127,0.06490438431501389
1765009593852023800,8.48702392578125,0.33505934476852417,-0.9880737662315369,-0.6840158104896545
1765009593868987100,8.503987060546875,0.06933315098285675,0.0974329337477684,-0.9637919068336487
1765009593885950700,8.52095068359375,-0.4841103255748749,0.5354229807853699,-0.2606865465641022
1765009593902914000,8.5379140625,-0.8512400984764099,0.3491092324256897,0.6574432253837585
1765009593919877600,8.554877685546876,-0.722347617149353,-0.8066469430923462,0.9763146042823792
1765009593936841200,8.57184130859375,0.18417572975158691,-0.9373720288276672,-0.050549060106277466
1765009593953804500,8.588804443359376,0.9758564829826355,0.805425226688385,-1.435990333557129
1765009593970768100,8.60576806640625,1.0235038995742798,1.4553853273391724,-1.5923718214035034
1765009593987731700,8.622731689453126,0.8396336436271667,1.387579321861267,-0.8031344413757324
1765009594004695000,8.639695068359375,0.2733619809150696,0.8646790981292725,0.19379685819149017
1765009594021658600,8.65665869140625,-0.36804601550102234,-0.12492185086011887,1.0068578720092773
1765009594038622200,8.673622314453125,-0.5061014890670776,-0.8536835312843323,1.3965896368026733
1765009594055585500,8.69058544921875,-0.2929096519947052,-0.457843154668808,1.3935352563858032
1765009594072549000,8.707549072265625,0.06872228533029556,-0.05528326332569122,1.1082614660263062
1765009594089512700,8.7245126953125,0.5390881896018982,0.2770271897315979,0.53221595287323
1765009594106476000,8.74147607421875,0.8158099055290222,0.5525271892547607,-0.21975859999656677
1765009594123439600,8.758439697265626,0.6704241037368774,0.40958482027053833,-0.7469348907470703
1765009594140403000,8.77540283203125,0.06933315098285675,-0.1805105358362198,-0.6546943187713623
1765009594157366500,8.792366455078126,-0.5476402640342712,-0.6282744407653809,-0.1623373180627823
1765009594174330000,8.809330078125,-0.8072578310966492,-0.6832522749900818,0.30314165353775024
1765009594191293400,8.82629345703125,-0.5067123174667358,-0.43890634179115295,0.42164942622184753
1765009594208257000,8.843257080078125,0.3185659945011139,0.5012145638465881,0.14920371770858765
1765009594225220600,8.860220703125,1.1475094556808472,1.5641192197799683,-0.23991714417934418
1765009594242184000,8.877183837890625,1.2599085569381714,1.3649773597717285,-0.2124282270669937
1765009594259147500,8.8941474609375,0.6191114783287048,0.20189081132411957,0.2530507445335388
1765009594276111000,8.911111083984375,-0.3631591200828552,-0.8261946439743042,0.8034399151802063
1765009594293074400,8.928074462890624,-0.8390227556228638,-1.1792744398117065,0.8657481074333191
1765009594310038000,8.9450380859375,-0.3124573230743408,-0.4010327160358429,-0.14401137828826904
1765009594327001600,8.962001708984374,0.49510589241981506,1.1713331937789917,-1.5667154788970947
1765009594343965000,8.97896484375,0.8542944192886353,1.3820815086364746,-2.09266996383667
1765009594360928500,8.995928466796874,0.5219839811325073,0.6215549111366272,-1.3303108215332031
1765009594377891800,9.012891845703125,-0.16340632736682892,0.13103049993515015,-0.15256348252296448
1765009594394855400,9.02985546875,-0.8585704565048218,-0.7816014885902405,0.7936660647392273
1765009594411819000,9.046819091796875,-0.9740238785743713,-2.174373149871826,1.2194387912750244
1765009594428782300,9.0637822265625,-0.05589412897825241,-1.609323263168335,0.5896372199058533
1765009594445746000,9.080745849609375,0.9502001404762268,1.24769127368927,-0.48365217447280884
1765009594462709500,9.09770947265625,0.990517258644104,1.4303399324417114,-0.607046902179718
1765009594479672800,9.1146728515625,0.5201513767242432,0.5995637774467468,0.058795735239982605
1765009594496636400,9.131636474609374,-0.3399462401866913,-0.44868019223213196,0.6611084342002869
1765009594513600000,9.14860009765625,-0.7449495792388916,-1.740659236907959,0.5371028780937195
1765009594530563300,9.165563232421874,-0.10537417232990265,0.07238747924566269,-0.6931788325309753
1765009594547527000,9.18252685546875,0.602007269859314,1.3167190551757812,-1.8116722106933594
1765009594564490500,9.199490478515624,0.7443387508392334,0.6527090072631836,-1.7292054891586304
1765009594581453800,9.216453857421875,0.2660316228866577,-0.2874118685722351,-0.8697187304496765
1765009594598417400,9.23341748046875,-0.9019418358802795,-1.0693187713623047,0.0746782198548317
1765009594615381000,9.250381103515625,-1.7821979522705078,-1.963014006614685,0.7539598345756531
1765009594632344300,9.26734423828125,-1.5916081666946411,-2.403447389602661,1.0514509677886963
1765009594649308000,9.284307861328125,-0.12736530601978302,0.26358816027641296,0.7331904768943787
1765009594666271500,9.301271484375,1.5176935195922852,2.2055273056030273,0.26771149039268494
1765009594683234800,9.31823486328125,1.8927645683288574,1.4999784231185913,0.6317868828773499
1765009594700198400,9.335198486328125,0.9294307827949524,0.3552178740501404,1.2774709463119507
1765009594717161700,9.35216162109375,-0.6679806113243103,-1.1578941345214844,1.550527572631836
1765009594734125300,9.369125244140625,-1.3197733163833618,-2.083965301513672,0.6989820003509521
1765009594751089000,9.3860888671875,-0.6765327453613281,0.32039856910705566,-1.235015869140625
1765009594768052200,9.40305224609375,0.36682429909706116,1.1438442468643188,-2.4512476921081543
1765009594785015800,9.420015869140625,0.898276686668396,0.8903354406356812,-2.1024439334869385
1765009594801979400,9.4369794921875,0.8176425099372864,0.8891136646270752,-0.9228639602661133
1765009594818942700,9.453942626953125,0.14080433547496796,0.8426879644393921,0.3623955249786377
1765009594835906300,9.47090625,-0.34727662801742554,-0.23854269087314606,1.4332414865493774
1765009594852870000,9.487869873046876,-0.4260781705379486,-1.73088538646698,2.1051926612854004
1765009594869833200,9.504833251953125,-0.10048725455999374,-2.020435333251953,2.0294454097747803
1765009594886796800,9.521796875,0.37659814953804016,0.33505934476852417,0.9274454712867737
1765009594903760100,9.538760009765625,0.4114174246788025,0.7150171995162964,-0.10797034949064255
1765009594920723700,9.5557236328125,0.1591302752494812,0.29535311460494995,-0.5172497630119324
1765009594937687300,9.572687255859375,-0.21471896767616272,0.08765909820795059,-0.5997164845466614
1765009594954650600,9.589650634765626,-0.39858928322792053,0.15241076052188873,-0.7310523986816406
1765009594971614200,9.6066142578125,-0.49082985520362854,0.08399390429258347,-0.7139481902122498
1765009594988577800,9.623577880859376,-0.37720900774002075,0.15668681263923645,-0.32360562682151794
1765009595005541000,9.640541015625,-0.06261363625526428,0.39186975359916687,0.3202458620071411
1765009595022504700,9.657504638671876,0.3393353819847107,0.4053087830543518,0.7680097222328186
1765009595039468300,9.67446826171875,0.527481734752655,0.4682278633117676,0.6849321126937866
1765009595056431600,9.691431640625,0.4120282828807831,0.38270679116249084,0.2292270064353943
1765009595073395200,9.708395263671875,0.2360992431640625,0.31612253189086914,-0.3358229100704193
1765009595090358800,9.72535888671875,0.07299833744764328,0.22815799713134766,-0.669965922832489
1765009595107322000,9.742322021484375,-0.07238747924566269,0.04734202101826668,-0.6375901103019714
1765009595124285700,9.75928564453125,-0.13713914155960083,-0.08277218043804169,-0.3254382014274597
1765009595141249000,9.7762490234375,-0.14569124579429626,-0.1230892539024353,0.09850194305181503
1765009595158212600,9.793212646484376,-0.035735588520765305,-0.022296564653515816,0.5010618567466736
1765009595175176200,9.81017626953125,0.1536324918270111,0.02107483521103859,0.7796161770820618
1765009595192139500,9.827139404296876,0.23732095956802368,-0.16218459606170654,0.9146173000335693
1765009595209103000,9.84410302734375,0.15302163362503052,-0.43829548358917236,0.8871283531188965
1765009595226066700,9.861066650390624,0.0027488914784044027,-0.5531380772590637,0.6635518670082092
1765009595243030000,9.878030029296875,-0.14019346237182617,-0.508544921875,0.3104720115661621
1765009595259993600,9.89499365234375,-0.23426663875579834,-0.4205803871154785,-0.07681624591350555
1765009595276957200,9.911957275390625,-0.23732095956802368,-0.14508038759231567,-0.37491825222969055
1765009595293920500,9.92892041015625,-0.15057817101478577,0.06933315098285675,-0.46288278698921204
1765009595310884000,9.945884033203125,-0.0772743970155716,0.032681263983249664,-0.3480401933193207
1765009595327847400,9.962847412109374,-0.09010255336761475,-0.09926552325487137,-0.1415679156780243
1765009595344811000,9.97981103515625,-0.13591741025447845,-0.1805105358362198,0.026419902220368385
1765009595361774600,9.996774658203124,-0.1432477980852127,-0.2611446976661682,0.07712167501449585
1765009595378738200,10.01373828125,-0.1389717310667038,-0.31062474846839905,0.014202605932950974
1765009595395701500,10.030701416015624,-0.1389717310667038,-0.20677772164344788,-0.03588830679655075
1765009595412665000,10.0476650390625,-0.10659590363502502,-0.1432477980852127,0.023976443335413933
1765009595429628400,10.06462841796875,-0.09376774728298187,-0.15607595443725586,0.14798198640346527
1765009595446592000,10.081592041015625,-0.12431098520755768,-0.15607595443725586,0.23777911067008972
1765009595463555600,10.0985556640625,-0.14508038759231567,-0.13713914155960083,0.2286161482334137
1765009595480519000,10.115518798828125,-0.12064579129219055,-0.168904110789299,0.09666935354471207
1765009595497482500,10.132482421875,-0.14508038759231567,-0.1701258420944214,-0.1055268943309784
1765009595514446000,10.149446044921875,-0.19394956529140472,-0.08582650125026703,-0.26679518818855286
1765009595531409400,10.166409423828124,-0.1646280586719513,0.0009162971982732415,-0.30894485116004944
1765009595548373000,10.183373046875,-0.04550942778587341,0.03634645417332649,-0.2539670467376709
1765009595565336300,10.20033642578125,0.06627883017063141,0.021685699000954628,-0.16050471365451813
1765009595582300000,10.2172998046875,0.08277218043804169,0.0015271619195118546,-0.043829549103975296
1765009595599263500,10.234263427734374,0.05406153202056885,-0.04978547990322113,0.05451968312263489
1765009595616226800,10.251226806640625,0.007635809946805239,-0.22815799713134766,0.10827577859163284
1765009595633190400,10.2681904296875,-0.05100720748305321,-0.33017241954803467,0.0795651376247406
1765009595650153700,10.28515380859375,-0.11698060482740402,-0.3601047992706299,-0.051159925758838654
1765009595667117300,10.302117431640625,-0.19089524447917938,-0.12247838824987411,-0.19593487679958344
1765009595684081000,10.319080810546875,-0.22510367631912231,0.1792888194322586,-0.21487168967723846
1765009595701044500,10.33604443359375,-0.18723005056381226,0.19822561740875244,-0.0951421856880188
1765009595718007800,10.3530078125,-0.1585194170475006,0.17623448371887207,0.10399972647428513
1765009595734971400,10.369971435546875,-0.20127993822097778,0.27947062253952026,0.33857181668281555
1765009595751934700,10.386934814453125,-0.26480987668037415,0.3289506733417511,0.5554288029670715
1765009595768898300,10.403898193359375,-0.27091851830482483,0.23365578055381775,0.6727148294448853
1765009595785862000,10.42086181640625,-0.19700388610363007,0.019242240116000175,0.6024653911590576
1765009595802825200,10.4378251953125,-0.11209368705749512,0.00946840364485979,0.4173733592033386
1765009595819788800,10.454788818359376,-0.06444623321294785,0.09498947113752365,0.2176205813884735
1765009595836752400,10.47175244140625,-0.016187917441129684,0.0717766135931015,0.05451968312263489
1765009595853715700,10.4887158203125,-0.023518294095993042,0.04978547990322113,0.02764163166284561
1765009595870679300,10.50567919921875,-0.038789913058280945,0.019242240116000175,0.08384118974208832
1765009595887642600,10.522642578125,-0.013133592903614044,0.011300998739898205,0.0795651376247406
1765009595904606200,10.539606201171875,0.05894844979047775,0.1182023361325264,-0.03649916872382164
1765009595921569800,10.55656982421875,0.09376774728298187,0.2874118685722351,-0.16966769099235535
1765009595938533000,10.573533203125,0.02779434807598591,0.2776380479335785,-0.1977674663066864
1765009595955496700,10.59049658203125,-0.07544180005788803,-0.008246674202382565,-0.09758564829826355
1765009595972460300,10.607460205078125,-0.10048725455999374,-0.2965748608112335,0.03191768378019333
1765009595989423600,10.624423583984376,-0.09865466505289078,-0.3906480371952057,0.12354740500450134
1765009596006387200,10.64138720703125,-0.1127045527100563,-0.3552178740501404,0.1821904182434082
1765009596023350800,10.658350830078126,-0.08643736690282822,-0.2886336147785187,0.1718057245016098
1765009596040314000,10.675314208984375,-0.05711585655808449,-0.16523891687393188,0.11621702462434769
1765009596057277700,10.692277587890626,-0.07360920310020447,-0.11698060482740402,0.03375028073787689
1765009596074241000,10.709240966796875,-0.07483093440532684,-0.20311254262924194,-0.057268574833869934
1765009596091204600,10.72620458984375,-0.0717766135931015,-0.1847866028547287,-0.10858121514320374
1765009596108168200,10.743168212890625,-0.07544180005788803,-0.04673115536570549,-0.1818849891424179
1765009596125131500,10.760131591796876,-0.07849612087011337,0.01435532234609127,-0.3657552897930145
1765009596142095000,10.77709521484375,-0.09376774728298187,0.09926552325487137,-0.586888313293457
1765009596159058700,10.79405859375,-0.10048725455999374,0.20799945294857025,-0.7218894362449646
1765009596176022000,10.81102197265625,-0.15241076052188873,0.3894262909889221,-0.6632464528083801
1765009596192985600,10.827985595703124,-0.14569124579429626,0.33139413595199585,-0.5166388750076294
1765009596209949000,10.844948974609375,-0.10537417232990265,0.13041962683200836,-0.41034841537475586
1765009596226912500,10.86191259765625,-0.08155044913291931,0.12431098520755768,-0.3364337682723999
1765009596243876000,10.8788759765625,-0.11148282140493393,0.06444623321294785,-0.2441931962966919
1765009596260839400,10.89583935546875,-0.12431098520755768,-0.0974329337477684,-0.16844595968723297
1765009596277803000,10.912802978515625,-0.1646280586719513,-0.11942406743764877,-0.0743727833032608
1765009596294766300,10.929766357421874,-0.19272783398628235,-0.04734202101826668,-0.006566796451807022
1765009596311730000,10.94672998046875,-0.1805105358362198,-0.07422006875276566,0.016646064817905426
1765009596328693500,10.963693603515624,-0.12370011955499649,-0.1792888194322586,-0.004734201822429895
1765009596345656800,10.98065673828125,0.000305432389723137,-0.13469567894935608,-0.1207985132932663
1765009596362620400,10.997620361328124,0.18295399844646454,0.2977965772151947,-0.425009161233902
1765009596379584000,11.014583984375,-0.00946840364485979,0.6863065958023071,-0.16600249707698822
1765009596396547300,11.03154736328125,0.03145953640341759,0.057726722210645676,0.5468766689300537
1765009596413511000,11.048510986328125,0.2306014597415924,-0.25381430983543396,0.9659299254417419
1765009596430474200,11.06547412109375,0.2678641974925995,0.025961752980947495,0.8455895781517029
1765009596447437800,11.082437744140625,0.15668681263923645,0.1902843713760376,0.4864010810852051
1765009596464401400,11.0994013671875,0.021685699000954628,0.09560033679008484,0.11499529331922531
1765009596481364700,11.11636474609375,-0.04001164436340332,0.05528326332569122,-0.14462223649024963
1765009596498328300,11.133328369140624,-0.07544180005788803,0.0766635313630104,-0.25152358412742615
1765009596515292000,11.1502919921875,-0.0766635313630104,0.10048725455999374,-0.24541492760181427
1765009596532255200,11.167255126953124,-0.08277218043804169,0.13652828335762024,-0.228921577334404
1765009596549218800,11.18421875,-0.10048725455999374,0.17134757339954376,-0.2185368686914444
1765009596566182400,11.201182373046874,-0.09987638890743256,0.1279761642217636,-0.1879936307668686
1765009596583145700,11.218145751953125,-0.10537417232990265,0.060781046748161316,-0.1818849891424179
1765009596600109300,11.235109375,-0.09926552325487137,0.029016077518463135,-0.1568395346403122
1765009596617072600,11.25207275390625,-0.1182023361325264,0.011300998739898205,-0.11896591633558273
1765009596634036200,11.2690361328125,-0.10659590363502502,-0.0009162971982732415,-0.1153007298707962
1765009596650999600,11.28599951171875,-0.06322450190782547,-0.021685699000954628,-0.09269873052835464
1765009596667963100,11.302963134765625,-0.03023780696094036,-0.005192350596189499,-0.05482511222362518
1765009596684926700,11.3199267578125,-0.02779434807598591,0.028405211865901947,-0.03894263133406639
1765009596701890000,11.33689013671875,-0.02779434807598591,0.02107483521103859,-0.02977965772151947
1765009596718853600,11.353853515625,-0.02412915788590908,-0.0027488914784044027,-0.040775224566459656
1765009596735817200,11.370817138671875,-0.01802051067352295,0.008857538923621178,-0.011453714221715927
1765009596752780500,11.387780517578125,0.010079269297420979,-0.02412915788590908,0.08323032408952713
1765009596769744100,11.404744140625,0.026572618633508682,-0.0870482325553894,0.12660172581672668
1765009596786707700,11.421707763671876,0.024740023538470268,-0.09987638890743256,0.10277800261974335
1765009596803671000,11.438671142578125,0.01435532234609127,-0.054672397673130035,0.06795870512723923
1765009596820634600,11.455634521484376,0.0009162971982732415,0.0021380267571657896,0.017256930470466614
1765009596837598000,11.472597900390625,0.0027488914784044027,0.014966187067329884,-0.012675444595515728
1765009596854561500,11.4895615234375,0.014966187067329884,-0.014966187067329884,-0.002901607658714056
1765009596871524900,11.50652490234375,0.022296564653515816,-0.028405211865901947,0.02519817277789116
1765009596888488400,11.523488525390626,0.03940077871084213,-0.019242240116000175,0.06123919412493706
1765009596905452000,11.5404521484375,0.03756818547844887,-0.012522728182375431,0.09911280870437622
1765009596922415400,11.557415283203126,0.0204639695584774,-0.007024944759905338,0.09666935354471207
1765009596939379000,11.57437890625,-0.0021380267571657896,0.02107483521103859,0.0435241162776947
1765009596956342500,11.591342529296876,-0.010690134018659592,-0.0009162971982732415,-0.03527744114398956
1765009596973305900,11.608305908203125,-0.012522728182375431,0.005192350596189499,-0.08659008145332336
1765009596990269400,11.62526953125,-0.010690134018659592,0.01740964688360691,-0.06520981341600418
1765009597007232800,11.642232666015625,-0.010079269297420979,-0.015577051788568497,-0.021838415414094925
1765009597024196400,11.6591962890625,-0.012522728182375431,-0.004581485874950886,-0.012675444595515728
1765009597041160000,11.676159912109375,-0.011300998739898205,-0.007635809946805239,0.011148282326757908
1765009597058123300,11.693123291015626,0.004581485874950886,-0.018631376326084137,0.029474224895238876
1765009597075086800,11.7100869140625,0.013133592903614044,-0.006414080038666725,0.023365577682852745
1765009597092050200,11.72705029296875,0.010690134018659592,0.010690134018659592,0.007483093533664942
1765009597109013800,11.744013671875,-0.008857538923621178,0.012522728182375431,-0.021227551624178886
1765009597125977300,11.760977294921876,-0.022296564653515816,0.007024944759905338,-0.02367101050913334
1765009597142940700,11.777940673828125,-0.006414080038666725,-0.00946840364485979,0.030695954337716103
1765009597159904300,11.794904296875,0.00946840364485979,-0.012522728182375431,0.06123919412493706
1765009597176867600,11.81186767578125,0.010690134018659592,0.0015271619195118546,0.03497200831770897
1765009597193831200,11.8288310546875,-0.003359756199643016,-0.0015271619195118546,0.005039634648710489
1765009597210794800,11.845794677734375,-0.007635809946805239,0.014966187067329884,-0.028557928279042244
1765009597227758000,11.862758056640626,0.000305432389723137,0.013133592903614044,-0.02672533318400383
1765009597244721700,11.8797216796875,0.003970621153712273,0.010690134018659592,-0.007177661173045635
1765009597261685200,11.896685302734374,0.0027488914784044027,-0.003359756199643016,0.007483093533664942
1765009597278648600,11.913648681640625,0.000305432389723137,-0.02779434807598591,0.02764163166284561
1765009597295612200,11.930612060546874,0.0027488914784044027,-0.01435532234609127,0.030085090547800064
1765009597312575500,11.947575439453125,0.000305432389723137,-0.010690134018659592,0.01908952370285988
1765009597329539000,11.9645390625,-0.0021380267571657896,0.008246674202382565,-0.00045814859913662076
1765009597346502700,11.981502685546875,0.005803215317428112,0.0027488914784044027,0.008704823441803455
1765009597363466000,11.998466064453124,0.012522728182375431,0.006414080038666725,0.036804601550102234
1765009597380429600,12.0154296875,0.013744457624852657,0.008857538923621178,0.04841103404760361
1765009597397393000,12.032392822265624,0.011300998739898205,-0.0015271619195118546,0.04230238497257233
1765009597414356500,12.0493564453125,0.005803215317428112,-0.03145953640341759,0.02825249545276165
1765009597431319800,12.06631982421875,-0.011911863461136818,-0.000305432389723137,-0.0102319847792387
1765009597448283400,12.083283447265625,-0.015577051788568497,0.018631376326084137,-0.03649916872382164
1765009597465247000,12.1002470703125,-0.0027488914784044027,-0.01740964688360691,-0.001679878099821508
1765009597482210300,12.117210205078125,0.0027488914784044027,-0.011300998739898205,0.029474224895238876
1765009597499174000,12.134173828125,0.0021380267571657896,0.005803215317428112,0.025809036567807198
1765009597516137200,12.15113720703125,-0.000305432389723137,0.007635809946805239,0.0062613640911877155
1765009597533100800,12.168100830078124,0.0015271619195118546,-0.03023780696094036,0.006872228812426329
1765009597550064000,12.185064208984375,-0.0015271619195118546,-0.005192350596189499,-0.0010690133785828948
1765009597567027700,12.20202783203125,-0.0021380267571657896,0.008857538923621178,-0.007177661173045635
1765009597583991300,12.2189912109375,-0.008246674202382565,0.0308486707508564,-0.018173227086663246
1765009597600954600,12.23595458984375,-0.011300998739898205,0.01435532234609127,-0.027947064489126205
1765009597617918200,12.252918212890625,0.000305432389723137,-0.019853105768561363,-0.018173227086663246
1765009597634881800,12.2698818359375,0.000305432389723137,0.007024944759905338,0.0025961752980947495
1765009597651845000,12.28684521484375,-0.003970621153712273,0.005192350596189499,0.005650499369949102
1765009597668808700,12.30380859375,0.0015271619195118546,-0.022296564653515816,0.020311253145337105
1765009597685772000,12.32077197265625,0.0027488914784044027,-0.04367683082818985,0.03375028073787689
1765009597702735600,12.337735595703125,0.0027488914784044027,-0.01435532234609127,0.03558287397027016
1765009597719699000,12.354698974609375,0.0009162971982732415,-0.006414080038666725,0.02764163166284561
1765009597736662500,12.37166259765625,-0.007635809946805239,0.003970621153712273,-0.005955931730568409
1765009597753625900,12.3886259765625,-0.013744457624852657,0.00946840364485979,-0.03588830679655075
1765009597770589400,12.40558935546875,-0.013744457624852657,0.013744457624852657,-0.04627300798892975
1765009597787553000,12.422552978515625,-0.006414080038666725,0.025350889191031456,-0.03405570983886719
1765009597804516400,12.439516357421875,-0.005192350596189499,0.025350889191031456,-0.017562363296747208
1765009597821480000,12.45647998046875,-0.0027488914784044027,0.015577051788568497,-0.015729768201708794
1765009597838443300,12.473443359375,-0.005803215317428112,0.019853105768561363,-0.027947064489126205
1765009597855406800,12.49040673828125,-0.00946840364485979,0.0204639695584774,-0.03894263133406639
1765009597872370400,12.507370361328125,-0.010079269297420979,0.01802051067352295,-0.040775224566459656
1765009597889333800,12.524333740234376,-0.007024944759905338,-0.003359756199643016,-0.024281874299049377
1765009597906297300,12.54129736328125,-0.0021380267571657896,-0.006414080038666725,-0.005345067009329796
1765009597923260700,12.5582607421875,0.0027488914784044027,-0.005192350596189499,0.0013744457392022014
1765009597940224300,12.575224365234375,0.008857538923621178,-0.003359756199643016,-0.009010255336761475
1765009597957187800,12.592187744140626,0.008246674202382565,-0.0021380267571657896,-0.008399390615522861
1765009597974151200,12.609151123046875,0.008857538923621178,0.015577051788568497,0.007483093533664942
1765009597991114800,12.62611474609375,0.011911863461136818,-0.000305432389723137,0.033139415085315704
1765009598008078000,12.643078125,0.010690134018659592,-0.0009162971982732415,0.023976443335413933
1765009598025041700,12.660041748046876,-0.0009162971982732415,0.0009162971982732415,0.006872228812426329
1765009598042005000,12.6770048828125,0.0027488914784044027,-0.0204639695584774,0.011759147047996521
1765009598058968600,12.693968505859376,0.005192350596189499,-0.015577051788568497,0.026419902220368385
1765009598075932200,12.71093212890625,0.0027488914784044027,-0.023518294095993042,0.023365577682852745
1765009598092895500,12.7278955078125,-0.0009162971982732415,-0.007024944759905338,-0.007788525894284248
1765009598109859000,12.744859130859375,-0.005803215317428112,0.007024944759905338,-0.012675444595515728
1765009598126822400,12.761822509765626,0.003970621153712273,0.010079269297420979,0.017256930470466614
1765009598143786000,12.778785888671875,0.008246674202382565,-0.019242240116000175,0.05085449293255806
1765009598160749300,12.795749267578126,0.005192350596189499,-0.016798781231045723,0.029474224895238876
1765009598177713000,12.812712890625,-0.005803215317428112,0.000305432389723137,-0.021838415414094925
1765009598194676200,12.82967626953125,-0.013744457624852657,0.00946840364485979,-0.05482511222362518
1765009598211639800,12.846639892578125,-0.01802051067352295,0.006414080038666725,-0.054214250296354294
1765009598228603400,12.863603271484376,-0.011911863461136818,-0.000305432389723137,-0.0334448479115963
1765009598245566700,12.880566650390625,-0.0015271619195118546,0.003970621153712273,-0.02977965772151947
1765009598262530300,12.8975302734375,-0.004581485874950886,0.003359756199643016,-0.031001387163996696
1765009598279493600,12.91449365234375,-0.008246674202382565,0.0015271619195118546,-0.027947064489126205
1765009598296457200,12.931457275390626,-0.010690134018659592,-0.00946840364485979,0.0038179049734026194
1765009598313420500,12.948420654296875,-0.003970621153712273,-0.03145953640341759,0.03130681812763214
1765009598330384100,12.965384033203126,0.007024944759905338,-0.01740964688360691,0.030695954337716103
1765009598347347700,12.98234765625,0.007635809946805239,-0.00946840364485979,0.01847865991294384
1765009598364311000,12.99931103515625,0.003359756199643016,-0.0027488914784044027,0.0032070400193333626
1765009598381274600,13.016274658203125,0.005803215317428112,0.004581485874950886,0.0038179049734026194
1765009598398238000,13.033238037109374,0.003970621153712273,-0.006414080038666725,0.026419902220368385
1765009598415201500,13.050201416015625,0.004581485874950886,0.0015271619195118546,0.019700389355421066
1765009598432164900,13.067164794921876,-0.000305432389723137,0.005803215317428112,0.008704823441803455
1765009598449128400,13.08412841796875,0.005192350596189499,-0.005192350596189499,0.014202605932950974
1765009598466092000,13.101092041015624,-0.000305432389723137,0.014966187067329884,0.007483093533664942
1765009598483055400,13.118055419921875,-0.007635809946805239,0.019853105768561363,0.0154243353754282
1765009598500019000,13.13501904296875,-0.0015271619195118546,0.007024944759905338,0.02214384824037552
1765009598516982300,13.151982177734375,0.003359756199643016,-0.005803215317428112,0.022754713892936707
1765009598533945900,13.16894580078125,-0.0009162971982732415,0.032070402055978775,-0.0010690133785828948
1765009598550909200,13.1859091796875,-0.0009162971982732415,0.029016077518463135,-0.00045814859913662076
1765009598567872800,13.202872802734374,-0.008857538923621178,0.05222893878817558,0.009926552884280682
1765009598584836400,13.21983642578125,-0.003970621153712273,-0.02779434807598591,0.03436114266514778
1765009598601799700,13.236799560546874,0.010079269297420979,-0.021685699000954628,0.020922118797898293
1765009598618763300,13.25376318359375,0.003970621153712273,0.01435532234609127,0.005039634648710489
1765009598635726600,13.2707265625,-0.008857538923621178,0.012522728182375431,0.020922118797898293
1765009598652690200,13.287690185546875,-0.008857538923621178,-0.016798781231045723,0.049021899700164795
1765009598669653500,13.304653564453124,-0.008246674202382565,-0.013744457624852657,0.05085449293255806
1765009598686617000,13.3216171875,-0.006414080038666725,0.011300998739898205,0.025809036567807198
1765009598703580700,13.33858056640625,-0.0009162971982732415,0.008246674202382565,0.0062613640911877155
1765009598720544000,13.3555439453125,-0.000305432389723137,-0.000305432389723137,-0.004123337101191282
1765009598737507600,13.372507568359374,-0.0009162971982732415,-0.004581485874950886,-0.02916879393160343
1765009598754471000,13.389470947265625,-0.008857538923621178,-0.015577051788568497,-0.03649916872382164
1765009598771434500,13.4064345703125,-0.005803215317428112,-0.007024944759905338,-0.021838415414094925
1765009598788397800,13.423397705078125,-0.004581485874950886,0.01802051067352295,0.0032070400193333626
1765009598805361400,13.440361328125,-0.006414080038666725,0.014966187067329884,0.02153298258781433
1765009598822324700,13.45732470703125,-0.006414080038666725,0.01435532234609127,0.025809036567807198
1765009598839288300,13.474288330078124,-0.003359756199643016,0.011300998739898205,0.019700389355421066
1765009598856252000,13.491251953125,0.0009162971982732415,-0.000305432389723137,0.01847865991294384
1765009598873215200,13.50821533203125,0.0015271619195118546,-0.011300998739898205,0.0038179049734026194
1765009598890178800,13.5251787109375,0.0021380267571657896,0.000305432389723137,-0.008399390615522861
1765009598907142100,13.54214208984375,0.0009162971982732415,0.0015271619195118546,0.006872228812426329
1765009598924105700,13.559105712890625,0.000305432389723137,0.003970621153712273,0.011148282326757908
1765009598941069000,13.576069091796874,0.0015271619195118546,0.0027488914784044027,0.008704823441803455
1765009598958032600,13.59303271484375,0.0009162971982732415,0.007635809946805239,0.007483093533664942
1765009598974996200,13.609996337890625,-0.0015271619195118546,0.010690134018659592,0.011148282326757908
1765009598991959600,13.62695947265625,-0.008857538923621178,0.0015271619195118546,0.0025961752980947495
1765009599008923100,13.643923095703125,-0.011300998739898205,-0.007635809946805239,-0.003512472379952669
1765009599025886500,13.660886474609375,-0.0021380267571657896,-0.005192350596189499,-0.005955931730568409
1765009599042850000,13.67785009765625,-0.0015271619195118546,0.011911863461136818,-0.009621120058000088
1765009599059813400,13.6948134765625,0.0021380267571657896,-0.007635809946805239,0.004428769461810589
1765009599076777000,13.71177685546875,0.004581485874950886,-0.0015271619195118546,0.01847865991294384
1765009599093740500,13.728740478515626,0.003970621153712273,-0.003359756199643016,0.02764163166284561
1765009599110703900,13.745703857421875,0.003359756199643016,0.0015271619195118546,0.03375028073787689
1765009599127667500,13.76266748046875,-0.004581485874950886,0.006414080038666725,0.0435241162776947
1765009599144630800,13.779630859375,-0.006414080038666725,-0.005803215317428112,0.02764163166284561
1765009599161594400,13.796594482421876,-0.005803215317428112,-0.0015271619195118546,0.0007635809597559273
1765009599178557700,13.8135576171875,-0.0009162971982732415,-0.000305432389723137,-0.021838415414094925
1765009599195521300,13.830521240234376,0.003359756199643016,-0.0009162971982732415,-0.037720900028944016
1765009599212484900,13.84748486328125,0.0021380267571657896,0.012522728182375431,-0.04321868345141411
1765009599229448200,13.8644482421875,-0.003359756199643016,0.005192350596189499,-0.0206166859716177
1765009599246411800,13.881411865234375,-0.007024944759905338,-0.0015271619195118546,0.019700389355421066
1765009599263375000,13.898375,-0.010690134018659592,0.0021380267571657896,0.03191768378019333
1765009599280338700,13.915338623046875,-0.005192350596189499,-0.028405211865901947,0.025809036567807198
1765009599297302000,13.932302001953126,-0.0009162971982732415,0.0015271619195118546,0.005039634648710489
1765009599314265600,13.949265625,-0.003359756199643016,0.003970621153712273,-0.002290742937475443
1765009599331229200,13.966229248046876,-0.004581485874950886,-0.007635809946805239,0.006872228812426329
1765009599348192500,13.983192626953125,0.005803215317428112,-0.003970621153712273,0.027030766010284424
1765009599365156000,14.000156005859376,0.007024944759905338,-0.0027488914784044027,0.02825249545276165
1765009599382119400,14.017119384765625,0.0009162971982732415,0.0009162971982732415,0.010537417605519295
1765009599399083000,14.0340830078125,-0.004581485874950886,0.003359756199643016,-0.005345067009329796
1765009599416046300,14.05104638671875,-0.00946840364485979,-0.007635809946805239,-0.008399390615522861
1765009599433010000,14.068010009765626,-0.006414080038666725,0.007024944759905338,-0.007788525894284248
1765009599449973500,14.084973388671875,0.0015271619195118546,-0.003359756199643016,0.0019853105768561363
1765009599466936800,14.101936767578126,-0.000305432389723137,-0.010690134018659592,0.017256930470466614
1765009599483900400,14.118900390625,-0.003359756199643016,-0.000305432389723137,0.0062613640911877155
1765009599500863700,14.13586376953125,-0.003970621153712273,-0.000305432389723137,-0.007788525894284248
1765009599517827300,14.152827392578125,-0.005192350596189499,-0.0015271619195118546,0.007483093533664942
1765009599534790700,14.169790771484376,-0.003970621153712273,0.0021380267571657896,0.012980876490473747
1765009599551754200,14.186754150390625,-0.007635809946805239,-0.008246674202382565,0.0062613640911877155
1765009599568717800,14.2037177734375,-0.007024944759905338,-0.007635809946805239,-0.002901607658714056
1765009599585681200,14.22068115234375,-0.000305432389723137,-0.0027488914784044027,-0.006566796451807022
1765009599602644700,14.237644775390624,0.0009162971982732415,-0.016187917441129684,0.0019853105768561363
1765009599619608000,14.254608154296875,-0.008857538923621178,-0.0021380267571657896,0.0007635809597559273
1765009599636571600,14.271571533203126,-0.011300998739898205,0.0027488914784044027,0.004428769461810589
1765009599653535000,14.288534912109375,-0.007024944759905338,0.005803215317428112,0.005039634648710489
1765009599670498600,14.30549853515625,-0.006414080038666725,0.013133592903614044,0.005039634648710489
1765009599687462000,14.3224619140625,-0.003970621153712273,0.006414080038666725,0.02825249545276165
1765009599704425500,14.339425537109374,0.007635809946805239,0.01435532234609127,0.04535670951008797
1765009599721389000,14.35638916015625,0.007024944759905338,0.011911863461136818,0.03436114266514778
1765009599738352400,14.373352294921874,-0.003970621153712273,-0.005803215317428112,0.025809036567807198
1765009599755316000,14.39031591796875,-0.005803215317428112,-0.006414080038666725,0.023365577682852745
1765009599772279300,14.407279296875,-0.003970621153712273,-0.0015271619195118546,0.03191768378019333
1765009599789243000,14.424242919921875,-0.0009162971982732415,0.004581485874950886,0.02214384824037552
1765009599806206500,14.44120654296875,0.0009162971982732415,-0.019853105768561363,0.01847865991294384
1765009599823169800,14.458169677734375,0.000305432389723137,-0.024740023538470268,0.017867794260382652
1765009599840133400,14.47513330078125,0.012522728182375431,-0.010079269297420979,0.016646064817905426
1765009599857096700,14.4920966796875,0.011911863461136818,-0.013133592903614044,0.012370011769235134
1765009599874060300,14.509060302734374,0.005803215317428112,-0.012522728182375431,0.005650499369949102
1765009599891023600,14.526023681640625,-0.003359756199643016,-0.0009162971982732415,-0.002901607658714056
1765009599907987200,14.5429873046875,-0.005803215317428112,0.011911863461136818,-0.011453714221715927
1765009599924950800,14.55995068359375,-0.008857538923621178,0.011911863461136818,-0.016340631991624832
1765009599941914000,14.5769140625,-0.005192350596189499,-0.004581485874950886,-0.013897174037992954
1765009599958877700,14.593877685546875,-0.000305432389723137,-0.005192350596189499,-0.014508038759231567
1765009599975841000,14.610841064453124,0.0009162971982732415,-0.007024944759905338,-0.021227551624178886
1765009599992804600,14.6278046875,0.003359756199643016,-0.01802051067352295,-0.012675444595515728
1765009600009768000,14.644767822265624,0.003970621153712273,-0.01802051067352295,-0.015729768201708794
1765009600026731500,14.6617314453125,-0.0027488914784044027,-0.029016077518463135,-0.027336198836565018
1765009600043695000,14.678695068359374,-0.010079269297420979,-0.1230892539024353,-0.02977965772151947
1765009600060658400,14.695658447265625,-0.04550942778587341,-0.20127993822097778,-0.02977965772151947
1765009600077622000,14.7126220703125,-0.0717766135931015,-0.29596397280693054,-0.060322895646095276
1765009600094585300,14.72958544921875,-0.04001164436340332,-0.3136790692806244,-0.011453714221715927
1765009600111549000,14.746548828125,-0.021685699000954628,-0.25503605604171753,0.08811724185943604
1765009600128512300,14.76351220703125,-0.003359756199643016,-0.18723005056381226,0.1052214577794075
1765009600145475800,14.780475830078124,-0.02107483521103859,-0.2861901521682739,0.08689551800489426
1765009600162439200,14.797439208984375,-0.01740964688360691,-0.19211697578430176,0.1302669197320938
1765009600179402800,14.81440283203125,0.035124726593494415,-0.0870482325553894,0.15531237423419952
1765009600196366000,14.831365966796875,0.18845178186893463,0.17256930470466614,0.14248420298099518
1765009600213329700,14.84832958984375,0.17134757339954376,0.323452889919281,-0.08781181275844574
1765009600230293200,14.865293212890625,-0.032070402055978775,0.24831652641296387,-0.3407098352909088
1765009600247256600,14.882256591796875,-0.1383608728647232,0.16707152128219604,-0.23503021895885468
1765009600264220200,14.89922021484375,-0.0668896958231926,0.10965022444725037,0.10399972647428513
1765009600281183500,14.91618359375,0.013133592903614044,-0.011911863461136818,0.30741769075393677
1765009600298147000,14.93314697265625,0.07299833744764328,-0.021685699000954628,0.2793179154396057
1765009600315110400,14.9501103515625,0.0717766135931015,0.0412333719432354,0.16325360536575317
1765009600332074000,14.967073974609375,0.06750056147575378,0.12064579129219055,0.03375028073787689
1765009600349037300,14.984037353515625,0.024740023538470268,0.1536324918270111,-0.03283398225903511
1765009600366001000,15.0010009765625,-0.01802051067352295,0.09865466505289078,0.0025961752980947495
1765009600382964500,15.017964599609375,0.0021380267571657896,0.05100720748305321,0.08811724185943604
1765009600399927800,15.034927734375,0.047952886670827866,0.016798781231045723,0.1406516134738922
1765009600416891400,15.051891357421875,0.06994401663541794,0.02718348242342472,0.12660172581672668
1765009600433854700,15.068854736328126,0.06322450190782547,0.03145953640341759,0.05329795181751251
1765009600450818300,15.085818359375,0.02718348242342472,-0.004581485874950886,-0.008399390615522861
1765009600467781600,15.10278173828125,0.019853105768561363,0.0021380267571657896,-0.040775224566459656
1765009600484745200,15.1197451171875,0.04917461425065994,0.014966187067329884,-0.03405570983886719
1765009600501708800,15.136708740234376,0.04978547990322113,-0.004581485874950886,-0.016340631991624832
1765009600518672100,15.153672119140625,0.016187917441129684,-0.025350889191031456,-0.009010255336761475
1765009600535635700,15.1706357421875,-0.014966187067329884,-0.041844237595796585,-0.007788525894284248
1765009600552599000,15.18759912109375,-0.0027488914784044027,-0.04001164436340332,-0.013897174037992954
1765009600569562600,15.204562744140626,0.016187917441129684,-0.025961752980947495,-0.021838415414094925
1765009600586526000,15.22152587890625,0.022907428443431854,0.008857538923621178,-0.013897174037992954
1765009600603489500,15.238489501953126,0.007024944759905338,0.011300998739898205,-0.017562363296747208
1765009600620453000,15.255453125,-0.00946840364485979,-0.000305432389723137,-0.011453714221715927
1765009600637416400,15.27241650390625,-0.012522728182375431,0.003970621153712273,0.014813470654189587
1765009600654380000,15.289380126953125,-0.007635809946805239,-0.010079269297420979,0.01847865991294384
1765009600671343400,15.30634326171875,0.004581485874950886,-0.0027488914784044027,-0.007788525894284248
1765009600688307000,15.323306884765625,0.00946840364485979,-0.003359756199643016,-0.02306014485657215
1765009600705270300,15.340270263671876,-0.0021380267571657896,-0.0015271619195118546,-0.041386090219020844
1765009600722233900,15.35723388671875,-0.013744457624852657,-0.005803215317428112,-0.054214250296354294
1765009600739197200,15.374197265625,-0.004581485874950886,-0.003970621153712273,-0.03649916872382164
1765009600756160800,15.391160888671875,0.013744457624852657,-0.010690134018659592,0.005650499369949102
1765009600773124400,15.408124267578126,0.028405211865901947,0.007024944759905338,0.02458730712532997
1765009600790087700,15.425087646484375,0.0015271619195118546,0.007024944759905338,0.010537417605519295
1765009600807051300,15.44205126953125,-0.035124726593494415,-0.01802051067352295,0.0001527161948615685
1765009600824014600,15.4590146484375,-0.04673115536570549,-0.012522728182375431,0.0019853105768561363
1765009600840978200,15.475978271484376,-0.02107483521103859,0.0015271619195118546,0.017867794260382652
1765009600857941500,15.49294140625,0.007635809946805239,-0.0015271619195118546,0.02153298258781433
1765009600874905000,15.509905029296876,0.003970621153712273,0.000305432389723137,0.0025961752980947495
1765009600891868400,15.526868408203125,-0.003359756199643016,0.0015271619195118546,-0.03283398225903511
1765009600908832000,15.54383203125,-0.006414080038666725,0.01740964688360691,-0.03649916872382164
1765009600925795300,15.56079541015625,-0.005803215317428112,0.008857538923621178,-0.003512472379952669
1765009600942759000,15.577759033203124,0.000305432389723137,-0.007635809946805239,0.006872228812426329
1765009600959722500,15.594722412109375,-0.0015271619195118546,0.003970621153712273,-0.014508038759231567
1765009600976685800,15.611685791015624,-0.012522728182375431,-0.0027488914784044027,-0.024281874299049377
1765009600993649400,15.6286494140625,-0.019242240116000175,0.004581485874950886,0.0032070400193333626
1765009601010612700,15.64561279296875,0.008246674202382565,0.03145953640341759,0.0691804364323616
1765009601027576300,15.662576416015625,0.0009162971982732415,-0.044898562133312225,-0.027336198836565018
1765009601044539600,15.67953955078125,-0.018631376326084137,-0.025350889191031456,-0.051159925758838654
1765009601061503200,15.696503173828125,-0.007635809946805239,0.007635809946805239,-0.012675444595515728
1765009601078466600,15.713466552734374,0.010690134018659592,0.0308486707508564,-0.02306014485657215
